show_id,title,type,release_year,rating,target_audience,duration_int,primary_genre,primary_country,cluster,cluster_label,hier_cluster
s26,(T)ERROR,Movie,2015,NR,Unrated,84,Documentaries,United States,3,"Short-form US docs, stand-up, and family titles",1
s33,#FriendButMarried 2,Movie,2020,TV-G,Kids,104,Dramas,Indonesia,0,Contemporary international feature films,0
s63,13 Cameras,Movie,2015,NR,Unrated,90,Horror Movies,United States,0,Contemporary international feature films,1
s114,48 Christmas Wishes,Movie,2017,TV-G,Kids,84,Children & Family Movies,Canada,3,"Short-form US docs, stand-up, and family titles",1
s156,A Champion Heart,Movie,2018,G,Kids,90,Children & Family Movies,United States,3,"Short-form US docs, stand-up, and family titles",1
s157,A Chaster Marriage,Movie,2016,TV-14,Teens,94,Comedies,Turkey,0,Contemporary international feature films,0
s178,A Go! Go! Cory Carson Christmas,Movie,2020,TV-Y,Kids,22,Children & Family Movies,United States,3,"Short-form US docs, stand-up, and family titles",1
s179,A Go! Go! Cory Carson Halloween,Movie,2020,TV-Y,Kids,22,Children & Family Movies,Unknown Country,3,"Short-form US docs, stand-up, and family titles",1
s221,A Russell Peters Christmas,Movie,2011,NR,Unrated,44,Stand-Up Comedy,Canada,3,"Short-form US docs, stand-up, and family titles",1
s224,A Secret Love,Movie,2020,TV-14,Teens,83,Documentaries,United States,3,"Short-form US docs, stand-up, and family titles",1
s228,A Shaun the Sheep Movie: Farmageddon,Movie,2020,G,Kids,87,Children & Family Movies,United Kingdom,0,Contemporary international feature films,0
s248,A Very Murray Christmas,Movie,2015,TV-14,Teens,57,Comedies,United States,3,"Short-form US docs, stand-up, and family titles",1
s300,Act of Vengeance,Movie,2010,NR,Unrated,112,Action & Adventure,Turkey,0,Contemporary international feature films,0
s303,Acts of Violence,Movie,2018,R,Adults,87,Action & Adventure,Canada,3,"Short-form US docs, stand-up, and family titles",1
s318,Adventures in Public School,Movie,2018,NR,Unrated,86,Comedies,Canada,3,"Short-form US docs, stand-up, and family titles",1
s327,After Porn Ends,Movie,2012,NR,Unrated,93,Documentaries,United States,3,"Short-form US docs, stand-up, and family titles",1
s400,Alien Xmas,Movie,2020,TV-Y,Kids,42,Children & Family Movies,United States,3,"Short-form US docs, stand-up, and family titles",1
s422,All The Reasons To Forget,Movie,2017,TV-MA,Adults,90,Comedies,Brazil,0,Contemporary international feature films,0
s431,Alone/Together,Movie,2019,TV-14,Teens,103,Dramas,Philippines,0,Contemporary international feature films,0
s454,American Anarchist,Movie,2016,TV-MA,Adults,81,Documentaries,United States,3,"Short-form US docs, stand-up, and family titles",1
s464,American Factory: A Conversation with the Obamas,Movie,2019,TV-G,Kids,10,Documentaries,United States,3,"Short-form US docs, stand-up, and family titles",1
s487,An American Tail: Fievel Goes West,Movie,1991,G,Kids,75,Children & Family Movies,United States,1,Mid-catalogue licensed features,3
s562,APEX: The Story of the Hypercar,Movie,2016,NR,Unrated,86,Documentaries,United States,3,"Short-form US docs, stand-up, and family titles",1
s569,Arango y Sanint: Ríase el show,Movie,2018,TV-MA,Adults,62,Stand-Up Comedy,Colombia,3,"Short-form US docs, stand-up, and family titles",1
s573,Arctic Heart,Movie,2016,TV-14,Teens,81,Dramas,France,0,Contemporary international feature films,0
s603,Assimilate,Movie,2019,TV-MA,Adults,94,Horror Movies,United States,0,Contemporary international feature films,1
s636,Avengers: Infinity War,Movie,2018,PG-13,Teens,150,Action & Adventure,United States,0,Contemporary international feature films,1
s638,Await Further Instructions,Movie,2018,TV-MA,Adults,91,Horror Movies,United Kingdom,3,"Short-form US docs, stand-up, and family titles",1
s645,Ayana,Movie,2017,TV-MA,Adults,112,Dramas,India,0,Contemporary international feature films,0
s653,B.A. Pass,Movie,2013,TV-14,Teens,99,Dramas,India,0,Contemporary international feature films,0
s675,Back and Forth,Movie,2016,NR,Unrated,95,Comedies,Brazil,0,Contemporary international feature films,0
s676,Back of the Net,Movie,2019,TV-Y,Kids,86,Children & Family Movies,Australia,3,"Short-form US docs, stand-up, and family titles",1
s682,Backcountry,Movie,2014,NR,Unrated,92,Horror Movies,Canada,0,Contemporary international feature films,1
s711,Balto 3: Wings of Change,Movie,2004,G,Kids,78,Children & Family Movies,United States,1,Mid-catalogue licensed features,1
s717,Band of Robbers,Movie,2015,NR,Unrated,95,Action & Adventure,United States,0,Contemporary international feature films,1
s735,Barbie Dolphin Magic,Movie,2017,TV-Y,Kids,64,Children & Family Movies,United States,3,"Short-form US docs, stand-up, and family titles",1
s739,Barbie in Princess Power,Movie,2015,TV-Y,Kids,74,Children & Family Movies,United States,3,"Short-form US docs, stand-up, and family titles",1
s740,Barbie in Rock 'N Royals,Movie,2015,TV-Y,Kids,83,Children & Family Movies,United States,3,"Short-form US docs, stand-up, and family titles",1
s747,Barbie: The Princess & the Popstar,Movie,2012,TV-Y,Kids,75,Children & Family Movies,United States,3,"Short-form US docs, stand-up, and family titles",1
s782,Bean: The Ultimate Disaster Movie,Movie,1997,PG-13,Teens,89,Comedies,United Kingdom,1,Mid-catalogue licensed features,3
s783,Beary Tales,Movie,2013,TV-G,Kids,52,Children & Family Movies,United States,3,"Short-form US docs, stand-up, and family titles",1
s837,Benji's Very Own Christmas Story,Movie,1978,TV-G,Kids,25,Children & Family Movies,United States,2,Classic and vintage cinema,2
s892,Bhool Bhulaiyaa,Movie,2007,TV-14,Teens,148,Dramas,India,1,Mid-catalogue licensed features,3
s934,Bir Baba Hindu,Movie,2016,TV-MA,Adults,107,Action & Adventure,Turkey,0,Contemporary international feature films,0
s1130,Budhia Singh: Born to Run,Movie,2016,TV-MA,Adults,95,Dramas,India,0,Contemporary international feature films,0
s1153,Butterfield 8,Movie,1960,TV-14,Teens,108,Classic Movies,United States,2,Classic and vintage cinema,2
s1177,Calico Critters: Everyone's Big Dream Flying in the Sky,Movie,2019,TV-Y,Kids,11,Children & Family Movies,Unknown Country,3,"Short-form US docs, stand-up, and family titles",1
s1178,Calico Critters: The Treasure of Calico Village,Movie,2017,TV-Y,Kids,22,Children & Family Movies,Unknown Country,3,"Short-form US docs, stand-up, and family titles",1
s1206,Cappuccino,Movie,2017,TV-PG,Adults,126,Comedies,India,0,Contemporary international feature films,0
s1224,Carmen Sandiego: To Steal or Not to Steal,Movie,2020,TV-Y7,Teens,82,Children & Family Movies,Canada,3,"Short-form US docs, stand-up, and family titles",1
s1242,Cat on a Hot Tin Roof,Movie,1958,NR,Unrated,108,Classic Movies,United States,2,Classic and vintage cinema,2
s1256,Cemara's Family,Movie,2018,TV-G,Kids,110,Children & Family Movies,Indonesia,0,Contemporary international feature films,0
s1258,Chaahat,Movie,1996,TV-14,Teens,148,Dramas,India,1,Mid-catalogue licensed features,3
s1358,Chris Tucker Live,Movie,2015,TV-MA,Adults,92,Stand-Up Comedy,United States,3,"Short-form US docs, stand-up, and family titles",1
s1380,ChuChuTV Bedtime Stories & Moral Stories for Kids (Hindi),Movie,2019,TV-Y,Kids,56,Children & Family Movies,Unknown Country,3,"Short-form US docs, stand-up, and family titles",1
s1465,Colonia,Movie,2015,R,Adults,110,Dramas,Germany,0,Contemporary international feature films,0
s1500,Cop Car,Movie,2015,R,Adults,88,Thrillers,United States,3,"Short-form US docs, stand-up, and family titles",1
s1513,Covered: Alive in Asia,Movie,2016,TV-G,Kids,75,Documentaries,United States,3,"Short-form US docs, stand-up, and family titles",1
s1581,Daemonium,Movie,2015,NR,Unrated,115,Action & Adventure,Argentina,0,Contemporary international feature films,0
s1689,Deidra & Laney Rob a Train,Movie,2017,TV-14,Teens,92,Comedies,United States,0,Contemporary international feature films,1
s1694,Deliha 2,Movie,2018,TV-PG,Adults,102,Comedies,Turkey,0,Contemporary international feature films,0
s1699,Democrats,Movie,2014,NR,Unrated,99,Documentaries,Denmark,0,Contemporary international feature films,0
s1750,Diary of a Chambermaid,Movie,2015,NR,Unrated,96,Dramas,France,0,Contemporary international feature films,0
s1756,Digs & Discoveries: Mines of Mystery,Movie,2019,TV-Y,Kids,23,Children & Family Movies,Unknown Country,3,"Short-form US docs, stand-up, and family titles",1
s1842,Dr. Seuss' The Cat in the Hat,Movie,2003,PG,Teens,82,Children & Family Movies,United States,1,Mid-catalogue licensed features,1
s1855,Dragonkala Ka Rahasya,Movie,2018,TV-Y,Kids,68,Children & Family Movies,Unknown Country,3,"Short-form US docs, stand-up, and family titles",1
s1859,Dragons: Rescue Riders: Hunt for the Golden Dragon,Movie,2020,TV-Y,Kids,46,Children & Family Movies,United States,3,"Short-form US docs, stand-up, and family titles",1
s1861,Dragons: Rescue Riders: Secrets of the Songwing,Movie,2020,TV-Y,Kids,46,Children & Family Movies,United States,3,"Short-form US docs, stand-up, and family titles",1
s1975,Elf Pets: A Fox Cub’s Christmas Tale,Movie,2020,TV-Y,Kids,28,Children & Family Movies,United States,3,"Short-form US docs, stand-up, and family titles",1
s2025,Escape from Mr. Lemoncello’s Library,Movie,2017,TV-Y,Kids,69,Children & Family Movies,United States,3,"Short-form US docs, stand-up, and family titles",1
s2029,Esperando La Carroza,Movie,1985,NR,Unrated,95,Comedies,Argentina,2,Classic and vintage cinema,3
s2064,Exit Strategy,Movie,2012,NR,Unrated,79,Comedies,United States,3,"Short-form US docs, stand-up, and family titles",1
s2066,Expedition China,Movie,2017,TV-G,Kids,78,Documentaries,Unknown Country,3,"Short-form US docs, stand-up, and family titles",1
s2085,F the Prom,Movie,2017,TV-MA,Adults,92,Comedies,United States,3,"Short-form US docs, stand-up, and family titles",1
s2112,Fandry,Movie,2014,NR,Unrated,102,Dramas,India,0,Contemporary international feature films,0
s2155,Fifty,Movie,2015,NR,Unrated,101,Dramas,Nigeria,0,Contemporary international feature films,0
s2182,First Impression,Movie,2018,TV-14,Teens,96,Comedies,United States,3,"Short-form US docs, stand-up, and family titles",1
s2192,Fishtail,Movie,2015,NR,Unrated,61,Documentaries,United States,3,"Short-form US docs, stand-up, and family titles",1
s2233,Forbidden Games: The Justin Fashanu Story,Movie,2017,TV-14,Teens,81,Documentaries,United Kingdom,0,Contemporary international feature films,0
s2355,Gardeners of Eden,Movie,2014,TV-14,Teens,70,Documentaries,Kenya,3,"Short-form US docs, stand-up, and family titles",0
s2418,Ginger & Rosa,Movie,2012,PG-13,Teens,90,Dramas,United Kingdom,0,Contemporary international feature films,0
s2443,GLOW: The Story of the Gorgeous Ladies of Wrestling,Movie,2012,NR,Unrated,77,Documentaries,United States,3,"Short-form US docs, stand-up, and family titles",1
s2454,God of War,Movie,2017,NR,Unrated,129,Action & Adventure,China,0,Contemporary international feature films,0
s2485,Good Luck Chuck,Movie,2007,UR,Unrated,99,Comedies,United States,1,Mid-catalogue licensed features,1
s2547,Guatemala: Heart of the Mayan World,Movie,2019,TV-G,Kids,67,Documentaries,Uruguay,3,"Short-form US docs, stand-up, and family titles",0
s2592,Hamza's Suitcase,Movie,2017,TV-14,Teens,79,Comedies,Egypt,0,Contemporary international feature films,0
s2616,Happy Times,Movie,2014,NR,Unrated,79,Comedies,Mexico,0,Contemporary international feature films,1
s2635,Harriet the Spy: Blog Wars,Movie,2010,TV-G,Kids,87,Children & Family Movies,United States,3,"Short-form US docs, stand-up, and family titles",1
s2638,Harry Benson: Shoot First,Movie,2016,NR,Unrated,90,Documentaries,United States,3,"Short-form US docs, stand-up, and family titles",1
s2664,Hazaaron Khwaishein Aisi,Movie,2003,TV-MA,Adults,111,Dramas,India,1,Mid-catalogue licensed features,3
s2711,Heroin(e),Movie,2017,TV-14,Teens,40,Documentaries,United States,3,"Short-form US docs, stand-up, and family titles",1
s2749,Hisss,Movie,2010,TV-MA,Adults,97,Horror Movies,India,0,Contemporary international feature films,3
s2771,Holidate,Movie,2020,TV-MA,Adults,105,Comedies,United States,3,"Short-form US docs, stand-up, and family titles",1
s2782,Holy Hell,Movie,2016,NR,Unrated,103,Documentaries,United States,3,"Short-form US docs, stand-up, and family titles",1
s2785,Hombanna,Movie,2017,TV-14,Teens,126,Dramas,India,0,Contemporary international feature films,0
s2843,How to Change the World,Movie,2015,NR,Unrated,110,Documentaries,Canada,0,Contemporary international feature films,0
s2902,I Am Sun Mu,Movie,2015,NR,Unrated,88,Documentaries,China,0,Contemporary international feature films,0
s2987,INDIA,Movie,2014,NR,Unrated,95,Dramas,India,0,Contemporary international feature films,0
s3035,Into the Wild,Movie,2007,R,Adults,148,Action & Adventure,United States,1,Mid-catalogue licensed features,3
s3086,Iverson,Movie,2014,NR,Unrated,88,Documentaries,United States,3,"Short-form US docs, stand-up, and family titles",1
s3200,Joe Rogan: Triggered,Movie,2016,TV-MA,Adults,64,Stand-Up Comedy,United States,3,"Short-form US docs, stand-up, and family titles",1
s3203,John Carter,Movie,2012,PG-13,Teens,133,Action & Adventure,United States,0,Contemporary international feature films,1
s3226,Joy,Movie,2019,TV-MA,Adults,101,Dramas,Austria,0,Contemporary international feature films,0
s3235,Judwaa 2,Movie,2017,TV-14,Teens,145,Action & Adventure,India,0,Contemporary international feature films,0
s3246,Jupiter Ascending,Movie,2015,PG-13,Teens,128,Action & Adventure,United States,0,Contemporary international feature films,1
s3298,Kaminey,Movie,2009,TV-14,Teens,128,Dramas,India,0,Contemporary international feature films,3
s3299,Kanavu Variyam,Movie,2017,TV-PG,Adults,104,Comedies,India,0,Contemporary international feature films,0
s3325,Katt Williams: Live,Movie,2006,NR,Unrated,85,Stand-Up Comedy,United States,1,Mid-catalogue licensed features,1
s3340,Kenny Sebastian: The Most Interesting Person in the Room,Movie,2020,TV-MA,Adults,68,Stand-Up Comedy,India,3,"Short-form US docs, stand-up, and family titles",1
s3343,Kevin Hart: Irresponsible,Movie,2019,TV-MA,Adults,60,Stand-Up Comedy,United States,3,"Short-form US docs, stand-up, and family titles",1
s3348,Kevin Hart: Zero F**ks Given,Movie,2020,TV-MA,Adults,70,Stand-Up Comedy,United States,3,"Short-form US docs, stand-up, and family titles",1
s3370,Kid Kulafu,Movie,2015,TV-14,Teens,108,Dramas,Philippines,0,Contemporary international feature films,0
s3381,Kill Me If You Dare,Movie,2019,TV-14,Teens,100,Comedies,Turkey,0,Contemporary international feature films,0
s3397,King Jack,Movie,2015,NR,Unrated,81,Dramas,United States,3,"Short-form US docs, stand-up, and family titles",1
s3434,Koko: The Gorilla Who Talks,Movie,2016,TV-G,Kids,56,Documentaries,United Kingdom,3,"Short-form US docs, stand-up, and family titles",1
s3447,Krish Trish and Baltiboy: Best Friends Forever,Movie,2016,TV-Y,Kids,65,Children & Family Movies,Unknown Country,3,"Short-form US docs, stand-up, and family titles",1
s3457,Kristy,Movie,2013,NR,Unrated,85,Horror Movies,United States,3,"Short-form US docs, stand-up, and family titles",1
s3521,Laerte-se,Movie,2017,TV-MA,Adults,101,Documentaries,Brazil,0,Contemporary international feature films,0
s3590,LEGO Marvel Super Heroes: Black Panther,Movie,2018,TV-Y7,Teens,22,Children & Family Movies,United States,3,"Short-form US docs, stand-up, and family titles",1
s3591,LEGO Marvel Super Heroes: Guardians of the Galaxy,Movie,2017,TV-Y,Kids,22,Children & Family Movies,United States,3,"Short-form US docs, stand-up, and family titles",1
s3608,Let It Snow,Movie,2019,PG-13,Teens,93,Comedies,United States,0,Contemporary international feature films,1
s3676,Little Sister,Movie,2016,NR,Unrated,91,Comedies,United States,0,Contemporary international feature films,1
s3789,Love.com,Movie,2017,TV-MA,Adults,92,Comedies,Brazil,0,Contemporary international feature films,0
s3814,Ludo,Movie,2020,TV-MA,Adults,150,Comedies,India,0,Contemporary international feature films,0
s3841,Mad Ron's Prevues from Hell,Movie,1987,NR,Unrated,84,Cult Movies,United States,1,Mid-catalogue licensed features,3
s3857,Magic Snowflake,Movie,2013,TV-Y,Kids,73,Children & Family Movies,France,3,"Short-form US docs, stand-up, and family titles",1
s3863,Mahabharat,Movie,2013,TV-14,Teens,119,Action & Adventure,India,0,Contemporary international feature films,0
s3872,Main aurr Mrs. Khanna,Movie,2009,TV-14,Teens,109,International Movies,India,0,Contemporary international feature films,3
s3884,Malaal,Movie,2019,TV-14,Teens,133,Dramas,India,0,Contemporary international feature films,0
s3887,Malevolent,Movie,2018,TV-MA,Adults,89,Horror Movies,United Kingdom,3,"Short-form US docs, stand-up, and family titles",1
s3903,Manglehorn,Movie,2014,PG-13,Teens,97,Dramas,United States,3,"Short-form US docs, stand-up, and family titles",1
s3985,Master,Movie,2016,NR,Unrated,143,Action & Adventure,South Korea,0,Contemporary international feature films,0
s3992,Mau Nieto: Viviendo sobrio… desde el bar,Movie,2018,TV-MA,Adults,57,Stand-Up Comedy,Mexico,3,"Short-form US docs, stand-up, and family titles",1
s4146,Miss Stevens,Movie,2016,NR,Unrated,86,Dramas,United States,3,"Short-form US docs, stand-up, and family titles",1
s4150,Mission Istaanbul: Darr Ke Aagey Jeet Hai,Movie,2008,TV-MA,Adults,119,Action & Adventure,India,1,Mid-catalogue licensed features,3
s4193,"Monster High: Frights, Camera, Action!",Movie,2014,TV-Y7,Teens,74,Children & Family Movies,United States,3,"Short-form US docs, stand-up, and family titles",1
s4212,Monty Python: Before the Flying Circus,Movie,2000,TV-MA,Adults,56,Comedies,United Kingdom,1,Mid-catalogue licensed features,3
s4235,Mostly Sunny,Movie,2016,TV-MA,Adults,83,Documentaries,Canada,3,"Short-form US docs, stand-up, and family titles",0
s4237,MOTHER,Movie,2020,TV-14,Teens,127,Dramas,Japan,0,Contemporary international feature films,0
s4252,Mr. Gaga: A True Story of Love and Dance,Movie,2015,TV-14,Teens,102,Documentaries,Israel,0,Contemporary international feature films,0
s4257,Mr. Romantic,Movie,2009,TV-14,Teens,97,Comedies,Unknown Country,1,Mid-catalogue licensed features,1
s4261,Mr. Woodcock,Movie,2007,PG-13,Teens,88,Comedies,United States,1,Mid-catalogue licensed features,1
s4291,Murder Party,Movie,2007,NR,Unrated,79,Comedies,United States,1,Mid-catalogue licensed features,1
s4295,Music Teacher,Movie,2019,TV-14,Teens,102,Dramas,India,0,Contemporary international feature films,0
s4336,My Little Pony Friendship Is Magic: Best Gift Ever,Movie,2018,TV-Y,Kids,44,Children & Family Movies,United States,3,"Short-form US docs, stand-up, and family titles",1
s4398,Namour,Movie,2016,NR,Unrated,80,Dramas,United States,3,"Short-form US docs, stand-up, and family titles",1
s4521,NOVA: Bird Brain,Movie,2017,TV-G,Kids,53,Children & Family Movies,United States,3,"Short-form US docs, stand-up, and family titles",1
s4528,NOVA: Eclipse Over America,Movie,2017,TV-G,Kids,53,Documentaries,United States,3,"Short-form US docs, stand-up, and family titles",1
s4542,November Criminals,Movie,2017,PG-13,Teens,86,Dramas,United States,3,"Short-form US docs, stand-up, and family titles",1
s4555,Nymphomaniac: Volume 1,Movie,2013,NR,Unrated,117,Dramas,Denmark,0,Contemporary international feature films,0
s4574,Oddbods: The Festive Menace,Movie,2018,TV-Y,Kids,23,Movies,Unknown Country,3,"Short-form US docs, stand-up, and family titles",1
s4634,Once Upon a Time in Mumbaai,Movie,2010,NR,Unrated,133,Dramas,India,0,Contemporary international feature films,3
s4657,One Take,Movie,2020,TV-G,Kids,86,Documentaries,Thailand,0,Contemporary international feature films,0
s4667,Operation Christmas Drop,Movie,2020,TV-G,Kids,96,Children & Family Movies,United States,0,Contemporary international feature films,1
s4728,Pablo Escobar: Angel or Demon?,Movie,2007,NR,Unrated,82,Documentaries,Venezuela,1,Mid-catalogue licensed features,0
s4802,Paulettante Veedu,Movie,2016,TV-14,Teens,104,Dramas,India,0,Contemporary international feature films,0
s4831,Period. End of Sentence.,Movie,2018,TV-PG,Adults,26,Documentaries,United States,3,"Short-form US docs, stand-up, and family titles",1
s4892,Pocoyo Halloween: Space Halloween,Movie,2015,TV-Y,Kids,40,Movies,United States,3,"Short-form US docs, stand-up, and family titles",1
s4920,Postcards from London,Movie,2018,TV-MA,Adults,90,Dramas,United Kingdom,0,Contemporary international feature films,0
s4964,Prescription Thugs,Movie,2015,NR,Unrated,86,Documentaries,United States,3,"Short-form US docs, stand-up, and family titles",1
s4999,Puerto Ricans in Paris,Movie,2015,R,Adults,82,Comedies,United States,3,"Short-form US docs, stand-up, and family titles",1
s5030,Quartet,Movie,2012,PG-13,Teens,98,Comedies,United Kingdom,0,Contemporary international feature films,1
s5058,Radio Rebel,Movie,2012,TV-G,Kids,90,Children & Family Movies,United States,3,"Short-form US docs, stand-up, and family titles",1
s5060,Radium Girls,Movie,2018,TV-14,Teens,103,Dramas,United States,0,Contemporary international feature films,1
s5069,Raiders!: The Story of the Greatest Fan Film Ever Made,Movie,2015,NR,Unrated,93,Documentaries,United States,3,"Short-form US docs, stand-up, and family titles",1
s5076,Raising the Bar,Movie,2016,TV-Y,Kids,97,Children & Family Movies,Australia,0,Contemporary international feature films,0
s5105,Rats,Movie,2016,NR,Unrated,88,Documentaries,United States,3,"Short-form US docs, stand-up, and family titles",1
s5179,Revelations,Movie,2016,NR,Unrated,118,Dramas,India,0,Contemporary international feature films,0
s5225,"River, el más grande siempre",Movie,2019,TV-G,Kids,105,Documentaries,Argentina,0,Contemporary international feature films,0
s5257,Roh's Beauty,Movie,2014,TV-MA,Adults,98,Dramas,Egypt,0,Contemporary international feature films,0
s5266,Romantik Komedi,Movie,2010,NR,Unrated,110,Comedies,Turkey,0,Contemporary international feature films,1
s5310,RUSSELL BRAND: RE:BIRTH,Movie,2018,TV-MA,Adults,63,Stand-Up Comedy,Unknown Country,3,"Short-form US docs, stand-up, and family titles",1
s5315,Russell Peters: Notorious,Movie,2013,NR,Unrated,72,Stand-Up Comedy,United States,3,"Short-form US docs, stand-up, and family titles",1
s5325,Saadey CM Saab,Movie,2015,TV-PG,Adults,131,Comedies,India,0,Contemporary international feature films,0
s5334,Sad Hill Unearthed,Movie,2017,TV-14,Teens,83,Documentaries,Spain,0,Contemporary international feature films,0
s5348,Sakaling Maging Tayo,Movie,2019,TV-14,Teens,90,International Movies,Philippines,0,Contemporary international feature films,0
s5384,Santa Pac's Merry Berry Day,Movie,2016,TV-Y,Kids,44,Movies,Unknown Country,3,"Short-form US docs, stand-up, and family titles",1
s5412,Savage Raghda,Movie,2018,TV-MA,Adults,93,Comedies,Egypt,0,Contemporary international feature films,0
s5461,Secret in Their Eyes,Movie,2015,PG-13,Teens,111,Dramas,United States,0,Contemporary international feature films,0
s5478,Secrets of Underground London,Movie,2014,TV-PG,Adults,55,Documentaries,United Kingdom,3,"Short-form US docs, stand-up, and family titles",0
s5493,Senna,Movie,2010,PG-13,Teens,106,Documentaries,United Kingdom,0,Contemporary international feature films,0
s5574,Shootout at Lokhandwala,Movie,2007,UR,Unrated,116,Action & Adventure,India,1,Mid-catalogue licensed features,3
s5594,Si Doel the Movie 2,Movie,2019,TV-G,Kids,95,Dramas,Indonesia,0,Contemporary international feature films,0
s5600,Siddhant,Movie,2014,TV-G,Kids,105,Dramas,India,0,Contemporary international feature films,0
s5614,Simon Amstell: Set Free,Movie,2019,TV-MA,Adults,52,Stand-Up Comedy,United Kingdom,3,"Short-form US docs, stand-up, and family titles",1
s5655,Sky Tour: The Movie,Movie,2020,TV-G,Kids,93,Documentaries,Vietnam,0,Contemporary international feature films,0
s5698,Solo Con Tu Pareja,Movie,1991,NR,Unrated,94,Comedies,Mexico,1,Mid-catalogue licensed features,3
s5710,Something's Gotta Give,Movie,2003,PG-13,Teens,128,Comedies,United States,1,Mid-catalogue licensed features,3
s5721,Sons of Ben,Movie,2016,NR,Unrated,73,Documentaries,United States,3,"Short-form US docs, stand-up, and family titles",1
s5731,Sour Grapes,Movie,2016,NR,Unrated,85,Documentaries,United Kingdom,3,"Short-form US docs, stand-up, and family titles",1
s5750,Spelling the Dream,Movie,2020,TV-G,Kids,83,Children & Family Movies,United States,3,"Short-form US docs, stand-up, and family titles",1
s5784,Standoff,Movie,2015,R,Adults,86,Action & Adventure,Canada,3,"Short-form US docs, stand-up, and family titles",1
s5794,StarBeam: Halloween Hero,Movie,2020,TV-Y,Kids,33,Children & Family Movies,Canada,3,"Short-form US docs, stand-up, and family titles",1
s5813,Stephanie,Movie,2017,R,Adults,86,Horror Movies,United States,3,"Short-form US docs, stand-up, and family titles",1
s5826,Stop at Nothing: The Lance Armstrong Story,Movie,2014,NR,Unrated,100,Documentaries,Australia,0,Contemporary international feature films,0
s5848,Strike a Pose,Movie,2016,TV-MA,Adults,85,Documentaries,Netherlands,0,Contemporary international feature films,0
s5854,Stronger Than the World,Movie,2016,NR,Unrated,123,Action & Adventure,Brazil,0,Contemporary international feature films,0
s5880,Summer of '92,Movie,2015,TV-MA,Adults,94,Dramas,Denmark,0,Contemporary international feature films,0
s5895,Super Monsters Back to School,Movie,2019,TV-Y,Kids,24,Children & Family Movies,Canada,3,"Short-form US docs, stand-up, and family titles",1
s5896,Super Monsters Furever Friends,Movie,2019,TV-Y,Kids,59,Children & Family Movies,Unknown Country,3,"Short-form US docs, stand-up, and family titles",1
s5915,Superstar,Movie,1999,PG-13,Teens,82,Comedies,United States,1,Mid-catalogue licensed features,3
s5932,Svaha: The Sixth Finger,Movie,2019,TV-MA,Adults,123,International Movies,South Korea,0,Contemporary international feature films,0
s5937,Swearnet: The Movie,Movie,2014,NC-17,Adults,112,Comedies,Canada,0,Contemporary international feature films,0
s5969,Talaash,Movie,2012,TV-14,Teens,140,Dramas,India,0,Contemporary international feature films,3
s5979,Tamasha,Movie,2015,TV-14,Teens,133,Dramas,India,0,Contemporary international feature films,0
s6033,Terrifier,Movie,2017,TV-MA,Adults,84,Horror Movies,United States,0,Contemporary international feature films,1
s6052,The 24 Hour War,Movie,2016,TV-MA,Adults,100,Documentaries,United States,3,"Short-form US docs, stand-up, and family titles",1
s6058,The 4th Company,Movie,2016,TV-MA,Adults,117,Action & Adventure,Mexico,0,Contemporary international feature films,0
s6206,The CEO,Movie,2016,TV-14,Teens,109,Dramas,Nigeria,0,Contemporary international feature films,0
s6215,The Chosen,Movie,2016,TV-14,Teens,111,Dramas,Spain,0,Contemporary international feature films,0
s6316,The Drug King,Movie,2018,TV-MA,Adults,139,Dramas,South Korea,0,Contemporary international feature films,0
s6364,The Flying Guillotine,Movie,1975,TV-MA,Adults,101,Action & Adventure,Hong Kong,2,Classic and vintage cinema,2
s6421,The Great Hack,Movie,2019,TV-MA,Adults,114,Documentaries,United States,3,"Short-form US docs, stand-up, and family titles",1
s6426,The Green Hornet,Movie,2011,PG-13,Teens,119,Action & Adventure,United States,1,Mid-catalogue licensed features,1
s6481,The Impossible,Movie,2012,PG-13,Teens,114,Dramas,Spain,0,Contemporary international feature films,0
s6500,The Interview,Movie,1998,NR,Unrated,101,Cult Movies,Australia,1,Mid-catalogue licensed features,3
s6515,The Jack King Affair,Movie,2015,TV-14,Teens,52,Documentaries,France,3,"Short-form US docs, stand-up, and family titles",0
s6557,The Last Days of Chez Nous,Movie,1992,R,Adults,93,Classic Movies,Australia,1,Mid-catalogue licensed features,3
s6605,The Little Vampire,Movie,2017,TV-G,Kids,83,Children & Family Movies,Netherlands,3,"Short-form US docs, stand-up, and family titles",0
s6614,The Longest Yard,Movie,1974,R,Adults,121,Classic Movies,United States,2,Classic and vintage cinema,2
s6632,The Magic School Bus Rides Again In the Zone,Movie,2020,TV-Y,Kids,46,Children & Family Movies,Canada,3,"Short-form US docs, stand-up, and family titles",1
s6633,The Magic School Bus Rides Again Kids In Space,Movie,2020,TV-Y,Kids,46,Children & Family Movies,United States,3,"Short-form US docs, stand-up, and family titles",1
s6759,The Pirate Fairy,Movie,2014,G,Kids,78,Children & Family Movies,United States,3,"Short-form US docs, stand-up, and family titles",1
s6780,The Princess and the Frog,Movie,2009,G,Kids,98,Children & Family Movies,United States,3,"Short-form US docs, stand-up, and family titles",1
s6782,The Princess Switch: Switched Again,Movie,2020,TV-G,Kids,97,Children & Family Movies,United States,0,Contemporary international feature films,1
s6833,The Rolling Stones: Olé Olé Olé! A Trip Across Latin America,Movie,2016,TV-MA,Adults,101,Documentaries,United Kingdom,0,Contemporary international feature films,0
s6875,The Similars,Movie,2015,NR,Unrated,90,Horror Movies,Mexico,0,Contemporary international feature films,1
s6894,The spiral,Movie,1978,TV-MA,Adults,84,Dramas,Poland,2,Classic and vintage cinema,2
s6934,The Tourist,Movie,2010,PG-13,Teens,103,Action & Adventure,United States,1,Mid-catalogue licensed features,0
s6991,The Waterboy,Movie,1998,PG-13,Teens,90,Comedies,United States,1,Mid-catalogue licensed features,3
s7062,Thorne: Sleepyhead,Movie,2010,NR,Unrated,125,Dramas,United Kingdom,0,Contemporary international feature films,0
s7067,Three Words to Forever,Movie,2018,TV-G,Kids,107,Comedies,Philippines,0,Contemporary international feature films,0
s7104,Tinker Bell and the Legend of the NeverBeast,Movie,2014,G,Kids,78,Children & Family Movies,United States,3,"Short-form US docs, stand-up, and family titles",1
s7118,To the Bone,Movie,2017,TV-MA,Adults,108,Dramas,United States,0,Contemporary international feature films,1
s7130,Together For Eternity,Movie,1999,TV-G,Kids,176,Dramas,India,1,Mid-catalogue licensed features,3
s7162,Total Frat Movie,Movie,2016,NR,Unrated,94,Comedies,United States,3,"Short-form US docs, stand-up, and family titles",1
s7171,Trailer Park Boys Live at the North Pole,Movie,2014,TV-MA,Adults,89,Movies,Canada,3,"Short-form US docs, stand-up, and family titles",1
s7278,Twice,Movie,2010,TV-14,Teens,53,Documentaries,Japan,3,"Short-form US docs, stand-up, and family titles",0
s7299,Ugly,Movie,2013,NR,Unrated,125,Dramas,India,0,Contemporary international feature films,3
s7440,Vizontele Tuuba,Movie,2004,NR,Unrated,106,Comedies,Turkey,1,Mid-catalogue licensed features,3
s7467,Walk Away from Love,Movie,2017,TV-14,Teens,81,Dramas,United States,3,"Short-form US docs, stand-up, and family titles",1
s7477,War Against Women,Movie,2013,TV-MA,Adults,61,Documentaries,United States,3,"Short-form US docs, stand-up, and family titles",0
s7522,Weeds on Fire,Movie,2016,TV-MA,Adults,95,Dramas,Hong Kong,0,Contemporary international feature films,0
s7559,What Lies Beneath,Movie,2000,PG-13,Teens,130,Horror Movies,United States,1,Mid-catalogue licensed features,3
s7636,Winter of Our Dreams,Movie,1981,NR,Unrated,86,Classic Movies,Australia,2,Classic and vintage cinema,2
s7649,Wives on Strike,Movie,2016,TV-14,Teens,92,Comedies,Nigeria,0,Contemporary international feature films,0
s7729,You Don't Mess with the Zohan,Movie,2008,UR,Unrated,113,Action & Adventure,United States,1,Mid-catalogue licensed features,1
s7738,Young Tiger,Movie,1973,NR,Unrated,81,Action & Adventure,Hong Kong,2,Classic and vintage cinema,2
s4664,Open Season,Movie,2006,PG,Teens,86,Children & Family Movies,United States,1,Mid-catalogue licensed features,1
s5833,Strange Voices,Movie,1987,TV-PG,Adults,96,Dramas,United States,1,Mid-catalogue licensed features,3
